{
  "file": "/home/dudesoup/code/mev/services/arb-mm/data/live/2025-09-08T025539387Z.summary.json",
  "started_at": "2025-09-08T02:55:22.527Z",
  "stopped_at": "2025-09-08T02:55:39.387Z",
  "considered": 26,
  "would_trade": 13,
  "would_not_trade": 13,
  "pnl_sum": 0.014151,
  "best_edge_bps": 1.74,
  "worst_edge_bps": -1.6503,
  "threshold_bps": "0.5",
  "slippage_bps": "3",
  "trade_size_base": "0.01",
  "book_ttl_ms": "1500",
  "decision_dedupe_ms": "500",
  "decision_bucket_ms": "150",
  "min_edge_delta_bps": "0.05",
  "allow_synth_trades": "false",
  "balances_start": {
    "sol": 0.084221687,
    "wsol": 0.08296072,
    "usdc": 18.400239
  },
  "ml_events_file": "/home/dudesoup/code/mev/services/arb-mm/data/live/2025-09-08T025524983Z.events.jsonl",
  "exec_guard": {
    "allowed_path": "both",
    "atomic_preferred": true
  },
  "atomic_mode": "single_tx"
}